url,query,marketplace,first_seen,first_price,last_seen,last_price
https://www.ebay.de/itm/117007112857?_skw=DDR4+RDIMM+32GB&hash=item1b3e2ada99:g:MlcAAeSw1ytpeyI9,DDR4 RDIMM 32GB,EBAY_DE,2026-08-18,42.00,2026-08-18,42.00
https://www.ebay.de/itm/117014549219?_skw=DDR4+RDIMM+32GB&hash=item1b3e9c52e3:g:w5QAAeSwjs1pgIfP,DDR4 RDIMM 32GB,EBAY_DE,2026-08-18,65.00,2026-08-18,65.00
https://www.ebay.de/itm/117296890630?_skw=DDR4+RDIMM+32GB&hash=item1b4f708306:g:KiMAAeSwQkNqOXjq,DDR4 RDIMM 32GB,EBAY_DE,2026-08-18,85.00,2026-08-18,85.00
https://www.ebay.de/itm/117337790374?_skw=DDR4+RDIMM+32GB&hash=item1b51e097a6:g:Z-8AAeSwVopqerGO,DDR4 RDIMM 32GB,EBAY_DE,2026-08-18,75.90,2026-08-18,75.90
https://www.ebay.de/itm/127957451165?_skw=DDR4+RDIMM+32GB&hash=item1dcadbc19d:g:wNIAAeSwXmlqAwnQ,DDR4 RDIMM 32GB,EBAY_DE,2026-08-18,79.99,2026-08-18,79.99
https://www.ebay.de/itm/137526090402?_skw=DDR4+RDIMM+32GB&hash=item2005319aa2:g:N~UAAeSwstBqW7dm,DDR4 RDIMM 32GB,EBAY_DE,2026-08-18,95.00,2026-08-18,95.00
https://www.ebay.de/itm/137629976381?_skw=DDR4+RDIMM+32GB&hash=item200b62c73d:g:rmUAAeSw7pFqEo71,DDR4 RDIMM 32GB,EBAY_DE,2026-08-18,99.80,2026-08-18,99.80
https://www.ebay.de/itm/147171804211?_skw=DDR4+RDIMM+32GB&hash=item22441f8433:g:p20AAeSw7z5pnsw6,DDR4 RDIMM 32GB,EBAY_DE,2026-08-18,99.95,2026-08-18,99.95
https://www.ebay.de/itm/147268813775?_skw=DDR4+RDIMM+32GB&hash=item2249e7c3cf:g:daEAAeSwyAtpsXbM,DDR4 RDIMM 32GB,EBAY_DE,2026-08-18,89.00,2026-08-18,89.00
https://www.ebay.de/itm/168338867142?_skw=DDR4+RDIMM+32GB&hash=item2731c743c6:g:sDsAAeSwBXRp8SGG,DDR4 RDIMM 32GB,EBAY_DE,2026-08-18,80.00,2026-08-18,80.00
https://www.ebay.de/itm/168469958307?_skw=DDR4+RDIMM+32GB&hash=item2739978ea3:g:F04AAeSwDDxqM7Dl,DDR4 RDIMM 32GB,EBAY_DE,2026-08-18,89.99,2026-08-18,89.99
https://www.ebay.de/itm/168486010489?_skw=DDR4+RDIMM+32GB&hash=item273a8c7e79:g:uDUAAeSw~4xqOuKN,DDR4 RDIMM 32GB,EBAY_DE,2026-08-18,90.00,2026-08-18,90.00
https://www.ebay.de/itm/168615920220?_skw=DDR4+RDIMM+32GB&hash=item27424ac25c:g:jtQAAeSwkNxqgIVZ,DDR4 RDIMM 32GB,EBAY_DE,2026-08-18,80.00,2026-08-18,80.00
https://www.ebay.de/itm/178091864210?_skw=DDR4+RDIMM+32GB&hash=item29771a3092:g:3eEAAeSwpHBp81Zc,DDR4 RDIMM 32GB,EBAY_DE,2026-08-18,100.00,2026-08-18,100.00
https://www.ebay.de/itm/188609402551?_skw=DDR4+RDIMM+32GB&hash=item2be9ff16b7:g:tBsAAeSwWl5qTDqG,DDR4 RDIMM 32GB,EBAY_DE,2026-08-18,100.00,2026-08-18,100.00
https://www.ebay.de/itm/188805150987?_skw=DDR4+RDIMM+32GB&hash=item2bf5a9f90b:g:n-IAAeSwmKhqgqas,DDR4 RDIMM 32GB,EBAY_DE,2026-08-18,80.00,2026-08-18,80.00
https://www.ebay.de/itm/198521125242?_skw=DDR4+RDIMM+32GB&hash=item2e38c7f97a:g:5vEAAeSwBGxqY28x,DDR4 RDIMM 32GB,EBAY_DE,2026-08-18,100.00,2026-08-18,100.00
https://www.ebay.de/itm/206236012142?_skw=DDR4+RDIMM+32GB&hash=item30049fce6e:g:Ta0AAeSwisJp73Xw,DDR4 RDIMM 32GB,EBAY_DE,2026-08-18,85.00,2026-08-18,85.00
https://www.ebay.de/itm/206371581864?_skw=DDR4+RDIMM+32GB&hash=item300cb46fa8:g:qCMAAeSwnCNqPOoQ,DDR4 RDIMM 32GB,EBAY_DE,2026-08-18,100.00,2026-08-18,100.00
https://www.ebay.de/itm/227211264926?_skw=DDR4+RDIMM+32GB&hash=item34e6d8c39e:g:W8gAAeSw~n5pixCa,DDR4 RDIMM 32GB,EBAY_DE,2026-08-18,99.00,2026-08-18,99.00
https://www.ebay.de/itm/227412048097?_skw=DDR4+RDIMM+32GB&hash=item34f2d078e1:g:3ZQAAeSw9zVqRVB~,DDR4 RDIMM 32GB,EBAY_DE,2026-08-18,75.00,2026-08-18,75.00
https://www.ebay.de/itm/227415955215?_skw=DDR4+RDIMM+32GB&hash=item34f30c170f:g:ifUAAeSwoZlqSLhj,DDR4 RDIMM 32GB,EBAY_DE,2026-08-18,98.00,2026-08-18,98.00
https://www.ebay.de/itm/236898638934?_skw=DDR4+RDIMM+32GB&hash=item3728425c56:g:MTEAAeSw3XhqPZZS,DDR4 RDIMM 32GB,EBAY_DE,2026-08-18,70.18,2026-08-18,70.18
https://www.ebay.de/itm/237012542265?_skw=DDR4+RDIMM+32GB&hash=item372f0c6339:g:3wsAAeSwLO5poXLE,DDR4 RDIMM 32GB,EBAY_DE,2026-08-18,80.00,2026-08-18,80.00
https://www.ebay.de/itm/257512166314?_skw=DDR4+RDIMM+32GB&hash=item3bf4ebd3aa:g:GtgAAeSwH5FqCtxq,DDR4 RDIMM 32GB,EBAY_DE,2026-08-18,75.00,2026-08-18,75.00
https://www.ebay.de/itm/267609048314?_skw=DDR4+RDIMM+32GB&hash=item3e4ebe04fa:g:HqwAAeSwv6Jpt8UB,DDR4 RDIMM 32GB,EBAY_DE,2026-08-18,89.18,2026-08-18,89.18
https://www.ebay.de/itm/267758003833?_skw=DDR4+RDIMM+32GB&hash=item3e579ee679:g:KUMAAeSw8TRqgF7-,DDR4 RDIMM 32GB,EBAY_DE,2026-08-18,108.00,2026-08-18,108.00
https://www.ebay.de/itm/267758013175?_skw=DDR4+RDIMM+32GB&hash=item3e579f0af7:g:gtcAAeSwli9qgGMN,DDR4 RDIMM 32GB,EBAY_DE,2026-08-18,108.00,2026-08-18,108.00
https://www.ebay.de/itm/278236991550?_skw=DDR4+RDIMM+32GB&hash=item40c837903e:g:CWIAAeSwARRqbc1u,DDR4 RDIMM 32GB,EBAY_DE,2026-08-18,58.48,2026-08-18,58.48
https://www.ebay.de/itm/278268280413?_skw=DDR4+RDIMM+32GB&hash=item40ca14fe5d:g:-qAAAeSwSUhqesAv,DDR4 RDIMM 32GB,EBAY_DE,2026-08-18,99.00,2026-08-18,99.00
https://www.ebay.de/itm/287458271765?_skw=DDR4+RDIMM+32GB&hash=item42edd92215:g:COcAAeSwfwRqVMHI,DDR4 RDIMM 32GB,EBAY_DE,2026-08-18,50.00,2026-08-18,50.00
https://www.ebay.de/itm/298266357739?_skw=DDR4+RDIMM+32GB&hash=item45720f6feb:g:NyMAAeSw1URp7zM8,DDR4 RDIMM 32GB,EBAY_DE,2026-08-18,79.00,2026-08-18,79.00
https://www.ebay.de/itm/298542092414?_skw=DDR4+RDIMM+32GB&hash=item45827ed07e:g:wcAAAeSwEbBqafIK,DDR4 RDIMM 32GB,EBAY_DE,2026-08-18,90.00,2026-08-18,90.00
https://www.ebay.de/itm/307044230522?_skw=DDR4+RDIMM+32GB&hash=item477d43257a:g:6-kAAeSwRZpqSqCR,DDR4 RDIMM 32GB,EBAY_DE,2026-08-18,58.48,2026-08-18,58.48
https://www.ebay.de/itm/307130197015?_skw=DDR4+RDIMM+32GB&hash=item478262e417:g:wJsAAeSw8KJqXNBu,DDR4 RDIMM 32GB,EBAY_DE,2026-08-18,99.00,2026-08-18,99.00
https://www.ebay.de/itm/327076498579?_skw=DDR4+RDIMM+32GB&hash=item4c27474c93:g:YPkAAeSwMihpyrTS,DDR4 RDIMM 32GB,EBAY_DE,2026-08-18,105.00,2026-08-18,105.00
https://www.ebay.de/itm/327161147332?_skw=DDR4+RDIMM+32GB&hash=item4c2c52efc4:g:Y4kAAeSwbCppx8j9,DDR4 RDIMM 32GB,EBAY_DE,2026-08-18,70.00,2026-08-18,70.00
https://www.ebay.de/itm/336700303395?_skw=DDR4+RDIMM+32GB&hash=item4e64e6e823:g:P1kAAeSwYudp52GT,DDR4 RDIMM 32GB,EBAY_DE,2026-08-18,97.45,2026-08-18,97.45
https://www.ebay.de/itm/358648564512?_skw=DDR4+RDIMM+32GB&hash=item53811ecb20:g:TgIAAeSwM~Rp-euz,DDR4 RDIMM 32GB,EBAY_DE,2026-08-18,100.27,2026-08-18,100.27
https://www.ebay.de/itm/358918464513?_skw=DDR4+RDIMM+32GB&hash=item5391352401:g:OO4AAeSw1yVqfK96,DDR4 RDIMM 32GB,EBAY_DE,2026-08-18,89.90,2026-08-18,89.90
https://www.ebay.de/itm/366515922333?_skw=DDR4+RDIMM+32GB&hash=item55560d259d:g:~VsAAeSwts9qRVYh,DDR4 RDIMM 32GB,EBAY_DE,2026-08-18,95.99,2026-08-18,95.99
https://www.ebay.de/itm/366572489436?_skw=DDR4+RDIMM+32GB&hash=item55596c4adc:g:aWUAAeSwgjxqIUNx,DDR4 RDIMM 32GB,EBAY_DE,2026-08-18,99.00,2026-08-18,99.00
https://www.ebay.de/itm/377303754078?_skw=DDR4+RDIMM+32GB&hash=item57d90e655e:g:AZ8AAeSwxiZqKxbf,DDR4 RDIMM 32GB,EBAY_DE,2026-08-18,81.86,2026-08-18,81.86
https://www.ebay.de/itm/389751663022?_skw=DDR4+RDIMM+32GB&hash=item5abf0269ae:g:ZEsAAeSwmrdptrmN,DDR4 RDIMM 32GB,EBAY_DE,2026-08-18,100.00,2026-08-18,100.00
https://www.ebay.de/itm/397935933583?_skw=DDR4+RDIMM+32GB&hash=item5ca6d4788f:g:Yu0AAeSwwSZqAdH-,DDR4 RDIMM 32GB,EBAY_DE,2026-08-18,95.00,2026-08-18,95.00
https://www.ebay.de/itm/398109460663?_skw=DDR4+RDIMM+32GB&hash=item5cb12c48b7:g:VyYAAeSw3ZNqPm3y,DDR4 RDIMM 32GB,EBAY_DE,2026-08-18,80.00,2026-08-18,80.00
https://www.ebay.de/itm/406873510814?_skw=DDR4+RDIMM+32GB&hash=item5ebb8d139e:g:eCcAAeSw9yVp5p6l,DDR4 RDIMM 32GB,EBAY_DE,2026-08-18,49.00,2026-08-18,49.00
https://www.ebay.de/itm/800039881537?_skw=DDR4+RDIMM+32GB&hash=itemba4617cb41:g:fbcAAeSwPeFqDF2R,DDR4 RDIMM 32GB,EBAY_DE,2026-08-18,87.00,2026-08-18,87.00
https://www.ebay.de/itm/117007112857?_skw=DDR4+RDIMM+64GB&hash=item1b3e2ada99:g:MlcAAeSw1ytpeyI9,DDR4 RDIMM 64GB,EBAY_DE,2026-08-18,158.00,2026-08-18,158.00
https://www.ebay.de/itm/117014549219?_skw=DDR4+RDIMM+64GB&hash=item1b3e9c52e3:g:w5QAAeSwjs1pgIfP,DDR4 RDIMM 64GB,EBAY_DE,2026-08-18,145.00,2026-08-18,145.00
https://www.ebay.de/itm/117337790416?_skw=DDR4+RDIMM+64GB&hash=item1b51e097d0:g:gsAAAeSwd3dqeW03,DDR4 RDIMM 64GB,EBAY_DE,2026-08-18,178.99,2026-08-18,178.99
https://www.ebay.de/itm/127850429380?_skw=DDR4+RDIMM+64GB&hash=item1dc47abbc4:g:rh0AAeSwQAFp-56O,DDR4 RDIMM 64GB,EBAY_DE,2026-08-18,199.00,2026-08-18,199.00
https://www.ebay.de/itm/147431803075?_skw=DDR4+RDIMM+64GB&hash=item22539ec8c3:g:qa8AAeSwwrlqU0~o,DDR4 RDIMM 64GB,EBAY_DE,2026-08-18,180.00,2026-08-18,180.00
https://www.ebay.de/itm/168339075527?_skw=DDR4+RDIMM+64GB&hash=item2731ca71c7:g:6dIAAeSws4lqggf0,DDR4 RDIMM 64GB,EBAY_DE,2026-08-18,160.00,2026-08-18,160.00
https://www.ebay.de/itm/168615919764?_skw=DDR4+RDIMM+64GB&hash=item27424ac094:g:OIsAAeSwTHhqgIT0,DDR4 RDIMM 64GB,EBAY_DE,2026-08-18,160.00,2026-08-18,160.00
https://www.ebay.de/itm/178319234567?_skw=DDR4+RDIMM+64GB&hash=item2984a79607:g:gHoAAeSw3jFqWkJW,DDR4 RDIMM 64GB,EBAY_DE,2026-08-18,199.00,2026-08-18,199.00
https://www.ebay.de/itm/188712644759?_skw=DDR4+RDIMM+64GB&hash=item2bf0267097:g:TyMAAeSw46tqab2b,DDR4 RDIMM 64GB,EBAY_DE,2026-08-18,194.94,2026-08-18,194.94
https://www.ebay.de/itm/227329218299?_skw=DDR4+RDIMM+64GB&hash=item34ede096fb:g:QVsAAeSw7ztqCEZt,DDR4 RDIMM 64GB,EBAY_DE,2026-08-18,189.99,2026-08-18,189.99
https://www.ebay.de/itm/236898346692?_skw=DDR4+RDIMM+64GB&hash=item37283de6c4:g:KVQAAeSwKWdqPVmI,DDR4 RDIMM 64GB,EBAY_DE,2026-08-18,111.11,2026-08-18,111.11
https://www.ebay.de/itm/267750423752?_skw=DDR4+RDIMM+64GB&hash=item3e572b3cc8:g:1yEAAeSwj-VqdeP6,DDR4 RDIMM 64GB,EBAY_DE,2026-08-18,167.90,2026-08-18,167.90
https://www.ebay.de/itm/287494806014?_skw=DDR4+RDIMM+64GB&hash=item42f00699fe:g:d14AAeSwc5lqbJ5K,DDR4 RDIMM 64GB,EBAY_DE,2026-08-18,199.99,2026-08-18,199.99
https://www.ebay.de/itm/318743835103?_skw=DDR4+RDIMM+64GB&hash=item4a369cf1df:g:oyIAAeSwL3VqgwsG,DDR4 RDIMM 64GB,EBAY_DE,2026-08-18,199.00,2026-08-18,199.00
https://www.ebay.de/itm/406843184355?_skw=DDR4+RDIMM+64GB&hash=item5eb9be54e3:g:foMAAeSw9cNp4TaZ,DDR4 RDIMM 64GB,EBAY_DE,2026-08-18,190.40,2026-08-18,190.40
https://www.ebay.de/itm/406873510814?_skw=DDR4+RDIMM+64GB&hash=item5ebb8d139e:g:eCcAAeSw9yVp5p6l,DDR4 RDIMM 64GB,EBAY_DE,2026-08-18,99.00,2026-08-18,99.00
https://www.ebay.de/itm/800395475015?_skw=DDR4+RDIMM+64GB&hash=itemba5b49b847:g:G8QAAeSwObdqYk2j,DDR4 RDIMM 64GB,EBAY_DE,2026-08-18,200.00,2026-08-18,200.00
https://www.ebay.de/itm/257685975231?_skw=EliteDesk+800+G4+Mini&hash=item3bff47f0bf:g:Jk8AAeSwtFxqgwFt,EliteDesk 800 G4 Mini,EBAY_DE,2026-08-18,109.00,2026-08-18,109.00
https://www.ebay.de/itm/178168671666?_skw=EliteDesk+800+G5+Mini&hash=item297bae2db2:g:4U4AAeSwZl5qX27n,EliteDesk 800 G5 Mini,EBAY_DE,2026-08-18,181.50,2026-08-18,181.50
https://www.ebay.de/itm/188489722106?_skw=EliteDesk+800+G5+Mini&hash=item2be2dce8fa:g:8toAAeSw6o5qg2Ki,EliteDesk 800 G5 Mini,EBAY_DE,2026-08-18,147.25,2026-08-18,147.25
https://www.ebay.de/itm/127396213149?_skw=Gaming+PC+RTX+3080&hash=item1da967f19d:g:JngAAeSwCupo1rFw,Gaming PC mit RTX 3080,EBAY_DE,2026-08-18,999.00,2026-08-18,999.00
https://www.ebay.de/itm/127956418106?_skw=Gaming+PC+RTX+3080&hash=item1dcacbfe3a:g:L3UAAeSwcqdqSKaq,Gaming PC mit RTX 3080,EBAY_DE,2026-08-18,1100.00,2026-08-18,1100.00
https://www.ebay.de/itm/137297450992?_skw=Gaming+PC+RTX+3080&hash=item1ff790d7f0:g:QdIAAeSwQOlqAHFK,Gaming PC mit RTX 3080,EBAY_DE,2026-08-18,949.99,2026-08-18,949.99
https://www.ebay.de/itm/147509402139?_skw=Gaming+PC+RTX+3080&hash=item22583eda1b:g:iyUAAeSwSUhqgjlG,Gaming PC mit RTX 3080,EBAY_DE,2026-08-18,900.00,2026-08-18,900.00
https://www.ebay.de/itm/156402929473?_skw=Gaming+PC+RTX+3080&hash=item246a574f41:g:yZQAAOSwb2Rm4Y~5,Gaming PC mit RTX 3080,EBAY_DE,2026-08-18,1000.00,2026-08-18,1000.00
https://www.ebay.de/itm/158082253614?_skw=Gaming+PC+RTX+3080&hash=item24ce6fc32e:g:0hwAAeSwQw5qVisE,Gaming PC mit RTX 3080,EBAY_DE,2026-08-18,950.00,2026-08-18,950.00
https://www.ebay.de/itm/158191594923?_skw=Gaming+PC+RTX+3080&hash=item24d4f42dab:g:QKIAAeSwVopqgIGc,Gaming PC mit RTX 3080,EBAY_DE,2026-08-18,990.00,2026-08-18,990.00
https://www.ebay.de/itm/167333256762?_skw=Gaming+PC+RTX+3080&hash=item26f5d6de3a:g:ffcAAeSwx-lnslfi,Gaming PC mit RTX 3080,EBAY_DE,2026-08-18,1100.00,2026-08-18,1100.00
https://www.ebay.de/itm/168606037143?_skw=Gaming+PC+RTX+3080&hash=item2741b3f497:g:TCQAAeSwYVRqe1gm,Gaming PC mit RTX 3080,EBAY_DE,2026-08-18,800.00,2026-08-18,800.00
https://www.ebay.de/itm/176940114998?_skw=Gaming+PC+RTX+3080&hash=item293273e436:g:eBcAAeSwaGVn3ItF,Gaming PC mit RTX 3080,EBAY_DE,2026-08-18,1100.00,2026-08-18,1100.00
https://www.ebay.de/itm/188669397499?_skw=Gaming+PC+RTX+3080&hash=item2bed9289fb:g:ki4AAeSw17BqXeY6,Gaming PC mit RTX 3080,EBAY_DE,2026-08-18,710.00,2026-08-18,710.00
https://www.ebay.de/itm/257207881907?_skw=Gaming+PC+RTX+3080&hash=item3be2c8d0b3:g:DeMAAeSwEeRorsRz,Gaming PC mit RTX 3080,EBAY_DE,2026-08-18,1099.00,2026-08-18,1099.00
https://www.ebay.de/itm/257207886880?_skw=Gaming+PC+RTX+3080&hash=item3be2c8e420:g:DeMAAeSwEeRorsRz,Gaming PC mit RTX 3080,EBAY_DE,2026-08-18,999.00,2026-08-18,999.00
https://www.ebay.de/itm/306179180909?_skw=Gaming+PC+RTX+3080&hash=item4749b3896d:g:aEEAAeSwhuxn1FnO,Gaming PC mit RTX 3080,EBAY_DE,2026-08-18,1050.00,2026-08-18,1050.00
https://www.ebay.de/itm/317503149041?_skw=Gaming+PC+RTX+3080&hash=item49eca993f1:g:eIIAAeSwbTRpCk0R,Gaming PC mit RTX 3080,EBAY_DE,2026-08-18,1100.00,2026-08-18,1100.00
https://www.ebay.de/itm/327266786090?_skw=Gaming+PC+RTX+3080&hash=item4c329edb2a:g:FQMAAeSwdJpqW1jW,Gaming PC mit RTX 3080,EBAY_DE,2026-08-18,899.00,2026-08-18,899.00
https://www.ebay.de/itm/377337132553?_skw=Gaming+PC+RTX+3080&hash=item57db0bb609:g:vPsAAeSw8QJqUy6T,Gaming PC mit RTX 3080,EBAY_DE,2026-08-18,1001.00,2026-08-18,1001.00
https://www.ebay.de/itm/406722065604?_skw=Gaming+PC+RTX+3080&hash=item5eb28634c4:g:d6EAAeSw50Npoke9,Gaming PC mit RTX 3080,EBAY_DE,2026-08-18,1100.00,2026-08-18,1100.00
https://www.ebay.de/itm/155780000528?_skw=Gaming+PC+RTX+3090&hash=item2445362b10:g:kbcAAOSwTLNlCFFr,Gaming PC mit RTX 3090,EBAY_DE,2026-08-18,1700.00,2026-08-18,1700.00
https://www.ebay.de/itm/158192283382?_skw=Gaming+PC+RTX+3090&hash=item24d4feaef6:g:e~cAAeSwA6tqgNCM,Gaming PC mit RTX 3090,EBAY_DE,2026-08-18,2200.00,2026-08-18,2200.00
https://www.ebay.de/itm/227468858047?_skw=Gaming+PC+RTX+3090&hash=item34f63352bf:g:xc4AAeSwYtBqeNv9,Gaming PC mit RTX 3090,EBAY_DE,2026-08-18,2000.00,2026-08-18,2000.00
https://www.ebay.de/itm/267743870492?_skw=Gaming+PC+RTX+3090&hash=item3e56c73e1c:g:vEIAAeSwZrlpynEJ,Gaming PC mit RTX 3090,EBAY_DE,2026-08-18,1750.00,2026-08-18,1750.00
https://www.ebay.de/itm/366538382069?_skw=Gaming+PC+RTX+3090&hash=item555763daf5:g:n68AAeSwsehqU0Rs,Gaming PC mit RTX 3090,EBAY_DE,2026-08-18,1600.00,2026-08-18,1600.00
https://www.ebay.de/itm/394408529943?_skw=Gaming+PC+RTX+3090&hash=item5bd4949017:g:8yYAAOSwyhtjF--z,Gaming PC mit RTX 3090,EBAY_DE,2026-08-18,2100.00,2026-08-18,2100.00
https://www.ebay.de/itm/117003447676?_skw=Quadro+RTX&hash=item1b3df2ed7c:g:9NYAAeSwzrZpeEKb,Nvidia Quadro RTX,EBAY_DE,2026-08-18,782.05,2026-08-18,782.05
https://www.ebay.de/itm/117364598086?_skw=Quadro+RTX&hash=item1b5379a546:g:CesAAeSwFHNqgzH3,Nvidia Quadro RTX,EBAY_DE,2026-08-18,925.70,2026-08-18,925.70
https://www.ebay.de/itm/117364620159?_skw=Quadro+RTX&hash=item1b5379fb7f:g:8VIAAeSwjspqgzUA,Nvidia Quadro RTX,EBAY_DE,2026-08-18,520.04,2026-08-18,520.04
https://www.ebay.de/itm/117364731250?_skw=Quadro+RTX&hash=item1b537bad72:g:hakAAeSwN0tqg0jb,Nvidia Quadro RTX,EBAY_DE,2026-08-18,494.15,2026-08-18,494.15
https://www.ebay.de/itm/117364758596?_skw=Quadro+RTX&hash=item1b537c1844:g:390AAeSwgqhqg02b,Nvidia Quadro RTX,EBAY_DE,2026-08-18,522.93,2026-08-18,522.93
https://www.ebay.de/itm/117364777568?_skw=Quadro+RTX&hash=item1b537c6260:g:vJIAAeSwgwRqg1AE,Nvidia Quadro RTX,EBAY_DE,2026-08-18,446.21,2026-08-18,446.21
https://www.ebay.de/itm/126950863290?_skw=Quadro+RTX&hash=item1d8edc71ba:g:dLoAAeSwHWVqSftg,Nvidia Quadro RTX,EBAY_DE,2026-08-18,529.00,2026-08-18,529.00
https://www.ebay.de/itm/127218727595?_skw=Quadro+RTX&hash=item1d9ed3baab:g:Z7wAAeSwScZoa6Fp,Nvidia Quadro RTX,EBAY_DE,2026-08-18,650.00,2026-08-18,650.00
https://www.ebay.de/itm/127825756609?_skw=Quadro+RTX&hash=item1dc30241c1:g:HGcAAeSweFVp6gbo,Nvidia Quadro RTX,EBAY_DE,2026-08-18,571.53,2026-08-18,571.53
https://www.ebay.de/itm/128015306080?_skw=Quadro+RTX&hash=item1dce4e8d60:g:mGUAAeSwYEVqdbTX,Nvidia Quadro RTX,EBAY_DE,2026-08-18,499.00,2026-08-18,499.00
https://www.ebay.de/itm/137485762354?_skw=Quadro+RTX&hash=item2002ca3f32:g:hgkAAeSwFH9qSsZG,Nvidia Quadro RTX,EBAY_DE,2026-08-18,500.00,2026-08-18,500.00
https://www.ebay.de/itm/146401583707?_skw=Quadro+RTX&hash=item221636e25b:g:ZzUAAeSwS4pqfshM,Nvidia Quadro RTX,EBAY_DE,2026-08-18,529.00,2026-08-18,529.00
https://www.ebay.de/itm/147073293644?_skw=Quadro+RTX&hash=item223e405d4c:g:NMwAAeSw-ExpWtXE,Nvidia Quadro RTX,EBAY_DE,2026-08-18,780.00,2026-08-18,780.00
https://www.ebay.de/itm/147431873901?_skw=Quadro+RTX&hash=item22539fdd6d:g:wyQAAeSw2AFqU2a5,Nvidia Quadro RTX,EBAY_DE,2026-08-18,450.00,2026-08-18,450.00
https://www.ebay.de/itm/147455604808?_skw=Quadro+RTX&hash=item225509f848:g:B5cAAeSw0-xqceoo,Nvidia Quadro RTX,EBAY_DE,2026-08-18,699.00,2026-08-18,699.00
https://www.ebay.de/itm/168307741188?_skw=Quadro+RTX&hash=item272fec5204:g:QCEAAeSwzGVp3fYe,Nvidia Quadro RTX,EBAY_DE,2026-08-18,780.30,2026-08-18,780.30
https://www.ebay.de/itm/168619780264?_skw=Quadro+RTX&hash=item274285a8a8:g:rSgAAeSwE~Fqgqb-,Nvidia Quadro RTX,EBAY_DE,2026-08-18,549.00,2026-08-18,549.00
https://www.ebay.de/itm/176294482916?_skw=Quadro+RTX&hash=item290bf853e4:g:1RQAAOSwoAtl-WvV,Nvidia Quadro RTX,EBAY_DE,2026-08-18,715.00,2026-08-18,715.00
https://www.ebay.de/itm/178200049882?_skw=Quadro+RTX&hash=item297d8cf8da:g:~CMAAeSwWi9p2Ijo,Nvidia Quadro RTX,EBAY_DE,2026-08-18,454.07,2026-08-18,454.07
https://www.ebay.de/itm/178328626863?_skw=Quadro+RTX&hash=item298536e6af:g:EYwAAeSwJr1pYDpU,Nvidia Quadro RTX,EBAY_DE,2026-08-18,445.00,2026-08-18,445.00
https://www.ebay.de/itm/186361101619?_skw=Quadro+RTX&hash=item2b63fcbd33:g:LUMAAOSwBOtl~pL1,Nvidia Quadro RTX,EBAY_DE,2026-08-18,715.00,2026-08-18,715.00
https://www.ebay.de/itm/188535633565?_skw=Quadro+RTX&hash=item2be599769d:g:A5UAAOSwwN5oNIp2,Nvidia Quadro RTX,EBAY_DE,2026-08-18,835.86,2026-08-18,835.86
https://www.ebay.de/itm/206328233623?_skw=Quadro+RTX&hash=item300a1efe97:g:LKwAAeSwq4Fpxjek,Nvidia Quadro RTX,EBAY_DE,2026-08-18,840.03,2026-08-18,840.03
https://www.ebay.de/itm/206365991879?_skw=Quadro+RTX&hash=item300c5f23c7:g:ldQAAeSw1cZqOHWT,Nvidia Quadro RTX,EBAY_DE,2026-08-18,543.11,2026-08-18,543.11
https://www.ebay.de/itm/206374234410?_skw=Quadro+RTX&hash=item300cdce92a:g:usYAAOSw6KtlOia2,Nvidia Quadro RTX,EBAY_DE,2026-08-18,432.43,2026-08-18,432.43
https://www.ebay.de/itm/206448705677?_skw=Quadro+RTX&hash=item30114d408d:g:3QMAAeSw65BqaQ4x,Nvidia Quadro RTX,EBAY_DE,2026-08-18,505.95,2026-08-18,505.95
https://www.ebay.de/itm/206472714070?_skw=Quadro+RTX&hash=item3012bb9756:g:i1YAAeSw1KlqZQ45,Nvidia Quadro RTX,EBAY_DE,2026-08-18,1000.00,2026-08-18,1000.00
https://www.ebay.de/itm/206491446076?_skw=Quadro+RTX&hash=item3013d96b3c:g:QNwAAeSw7-lqf3Pv,Nvidia Quadro RTX,EBAY_DE,2026-08-18,507.19,2026-08-18,507.19
https://www.ebay.de/itm/206491453056?_skw=Quadro+RTX&hash=item3013d98680:g:WYgAAeSw7Ddqf3Pp,Nvidia Quadro RTX,EBAY_DE,2026-08-18,668.61,2026-08-18,668.61
https://www.ebay.de/itm/236985114810?_skw=Quadro+RTX&hash=item372d69e0ba:g:1zIAAOSwME5m21CG,Nvidia Quadro RTX,EBAY_DE,2026-08-18,614.57,2026-08-18,614.57
https://www.ebay.de/itm/257540421357?_skw=Quadro+RTX&hash=item3bf69af6ed:g:Qr8AAeSwp2JqHdjd,Nvidia Quadro RTX,EBAY_DE,2026-08-18,499.00,2026-08-18,499.00
https://www.ebay.de/itm/276431971210?_skw=Quadro+RTX&hash=item405ca1238a:g:NpsAAOSwp89mIpiV,Nvidia Quadro RTX,EBAY_DE,2026-08-18,749.00,2026-08-18,749.00
https://www.ebay.de/itm/286690115998?_skw=Quadro+RTX&hash=item42c010019e:g:IxwAAOSwn2Nl6ozW,Nvidia Quadro RTX,EBAY_DE,2026-08-18,650.00,2026-08-18,650.00
https://www.ebay.de/itm/298536725960?_skw=Quadro+RTX&hash=item45822cedc8:g:wF0AAeSw-DtqZ2QQ,Nvidia Quadro RTX,EBAY_DE,2026-08-18,999.00,2026-08-18,999.00
https://www.ebay.de/itm/298588485097?_skw=Quadro+RTX&hash=item458542b5e9:g:wF0AAeSw-DtqZ2QQ,Nvidia Quadro RTX,EBAY_DE,2026-08-18,899.00,2026-08-18,899.00
https://www.ebay.de/itm/318072523967?_skw=Quadro+RTX&hash=item4a0e998cbf:g:eFYAAeSwXBNpx~gZ,Nvidia Quadro RTX,EBAY_DE,2026-08-18,799.00,2026-08-18,799.00
https://www.ebay.de/itm/318567017015?_skw=Quadro+RTX&hash=item4a2c12ea37:g:ZBQAAeSwRi9qT6uB,Nvidia Quadro RTX,EBAY_DE,2026-08-18,840.00,2026-08-18,840.00
https://www.ebay.de/itm/327249867718?_skw=Quadro+RTX&hash=item4c319cb3c6:g:MIoAAeSw23FqS-MX,Nvidia Quadro RTX,EBAY_DE,2026-08-18,450.00,2026-08-18,450.00
https://www.ebay.de/itm/358645265813?_skw=Quadro+RTX&hash=item5380ec7595:g:C58AAeSwUGBqI~ev,Nvidia Quadro RTX,EBAY_DE,2026-08-18,799.00,2026-08-18,799.00
https://www.ebay.de/itm/365655083314?_skw=Quadro+RTX&hash=item5522bdc932:g:MqAAAOSw6GZmVvDa,Nvidia Quadro RTX,EBAY_DE,2026-08-18,459.00,2026-08-18,459.00
https://www.ebay.de/itm/377333317958?_skw=Quadro+RTX&hash=item57dad18146:g:HMcAAeSwzZZqUKhl,Nvidia Quadro RTX,EBAY_DE,2026-08-18,490.00,2026-08-18,490.00
https://www.ebay.de/itm/396321731452?_skw=Quadro+RTX&hash=item5c469db37c:g:BrkAAOSwdrBl9-~G,Nvidia Quadro RTX,EBAY_DE,2026-08-18,813.24,2026-08-18,813.24
https://www.ebay.de/itm/407139737857?_skw=Quadro+RTX&hash=item5ecb6b6101:g:EjsAAeSwWatqfNA6,Nvidia Quadro RTX,EBAY_DE,2026-08-18,818.72,2026-08-18,818.72
https://www.ebay.de/itm/407146194881?_skw=Quadro+RTX&hash=item5ecbcde7c1:g:doMAAeSw4oNqZGEW,Nvidia Quadro RTX,EBAY_DE,2026-08-18,467.84,2026-08-18,467.84
https://www.ebay.de/itm/800475168497?_skw=Quadro+RTX&hash=itemba6009bef1:g:q48AAeSwqhJqdcuz,Nvidia Quadro RTX,EBAY_DE,2026-08-18,468.05,2026-08-18,468.05
https://www.ebay.de/itm/127729502585?_skw=OptiPlex+3070+Micro&hash=item1dbd458979:g:B6MAAeSwgBlprwD6,OptiPlex 3070 Micro,EBAY_DE,2026-08-18,175.00,2026-08-18,175.00
https://www.ebay.de/itm/128008526900?_skw=OptiPlex+3070+Micro&hash=item1dcde71c34:g:24MAAeSw9ZVqcI5f,OptiPlex 3070 Micro,EBAY_DE,2026-08-18,94.73,2026-08-18,94.73
https://www.ebay.de/itm/136649749830?_skw=OptiPlex+3070+Micro&hash=item1fd0f5b546:g:nX0AAeSwzFhphdFE,OptiPlex 3070 Micro,EBAY_DE,2026-08-18,179.10,2026-08-18,179.10
https://www.ebay.de/itm/137474583170?_skw=OptiPlex+3070+Micro&hash=item20021faa82:g:Y50AAeSw7sJqRlBs,OptiPlex 3070 Micro,EBAY_DE,2026-08-18,159.99,2026-08-18,159.99
https://www.ebay.de/itm/137581928594?_skw=OptiPlex+3070+Micro&hash=item200885a092:g:7CoAAeSwa3tqcNFf,OptiPlex 3070 Micro,EBAY_DE,2026-08-18,180.00,2026-08-18,180.00
https://www.ebay.de/itm/147359452214?_skw=OptiPlex+3070+Micro&hash=item224f4ecc36:g:Vw8AAeSw7vNqLVMm,OptiPlex 3070 Micro,EBAY_DE,2026-08-18,139.00,2026-08-18,139.00
https://www.ebay.de/itm/147511338587?_skw=OptiPlex+3070+Micro&hash=item22585c665b:g:fi0AAeSw72hqg1fc,OptiPlex 3070 Micro,EBAY_DE,2026-08-18,113.00,2026-08-18,113.00
https://www.ebay.de/itm/158173607898?_skw=OptiPlex+3070+Micro&hash=item24d3e1b7da:g:JdMAAeSwhP1qefwg,OptiPlex 3070 Micro,EBAY_DE,2026-08-18,179.00,2026-08-18,179.00
https://www.ebay.de/itm/168595644591?_skw=OptiPlex+3070+Micro&hash=item27411560af:g:HAEAAeSw2OBqb5FA,OptiPlex 3070 Micro,EBAY_DE,2026-08-18,106.04,2026-08-18,106.04
https://www.ebay.de/itm/178417127649?_skw=OptiPlex+3070+Micro&hash=item298a7d50e1:g:L9QAAeSwJmtpRVfG,OptiPlex 3070 Micro,EBAY_DE,2026-08-18,137.00,2026-08-18,137.00
https://www.ebay.de/itm/188202859300?_skw=OptiPlex+3070+Micro&hash=item2bd1c3bb24:g:hm8AAeSwyc1pwZco,OptiPlex 3070 Micro,EBAY_DE,2026-08-18,111.10,2026-08-18,111.10
https://www.ebay.de/itm/188476939380?_skw=OptiPlex+3070+Micro&hash=item2be219dc74:g:PocAAeSwpEtqg6M8,OptiPlex 3070 Micro,EBAY_DE,2026-08-18,153.43,2026-08-18,153.43
https://www.ebay.de/itm/188505687164?_skw=OptiPlex+3070+Micro&hash=item2be3d0847c:g:afIAAeSw371qajh0,OptiPlex 3070 Micro,EBAY_DE,2026-08-18,160.76,2026-08-18,160.76
https://www.ebay.de/itm/188517879906?_skw=OptiPlex+3070+Micro&hash=item2be48a9062:g:5-0AAeSwWEBqT-5H,OptiPlex 3070 Micro,EBAY_DE,2026-08-18,174.87,2026-08-18,174.87
https://www.ebay.de/itm/188517879937?_skw=OptiPlex+3070+Micro&hash=item2be48a9081:g:2w0AAeSwK7RqT-7u,OptiPlex 3070 Micro,EBAY_DE,2026-08-18,171.69,2026-08-18,171.69
https://www.ebay.de/itm/188614824329?_skw=OptiPlex+3070+Micro&hash=item2bea51d189:g:UeEAAeSwqgRqe3-G,OptiPlex 3070 Micro,EBAY_DE,2026-08-18,166.14,2026-08-18,166.14
https://www.ebay.de/itm/188808322655?_skw=OptiPlex+3070+Micro&hash=item2bf5da5e5f:g:7ZcAAeSwXeFqg1m7,OptiPlex 3070 Micro,EBAY_DE,2026-08-18,157.73,2026-08-18,157.73
https://www.ebay.de/itm/198485187240?_skw=OptiPlex+3070+Micro&hash=item2e36a39aa8:g:7PEAAeSwP3hqTmMF,OptiPlex 3070 Micro,EBAY_DE,2026-08-18,140.34,2026-08-18,140.34
https://www.ebay.de/itm/235765957608?_skw=OptiPlex+3070+Micro&hash=item36e4bf03e8:g:ExgAAOSwoTlm9qoe,OptiPlex 3070 Micro,EBAY_DE,2026-08-18,122.80,2026-08-18,122.80
https://www.ebay.de/itm/257684249379?_skw=OptiPlex+3070+Micro&hash=item3bff2d9b23:g:Z34AAeSwLxRqgeX3,OptiPlex 3070 Micro,EBAY_DE,2026-08-18,166.00,2026-08-18,166.00
https://www.ebay.de/itm/318541547211?_skw=OptiPlex+3070+Micro&hash=item4a2a8e46cb:g:1UgAAeSwznxqSPoA,OptiPlex 3070 Micro,EBAY_DE,2026-08-18,155.00,2026-08-18,155.00
https://www.ebay.de/itm/336592546969?_skw=OptiPlex+3070+Micro&hash=item4e5e7aac99:g:sXYAAeSwU0pqDXQD,OptiPlex 3070 Micro,EBAY_DE,2026-08-18,111.66,2026-08-18,111.66
https://www.ebay.de/itm/353573260466?_skw=OptiPlex+3070+Micro&hash=item52529bccb2:g:1fgAAOSwJrRknb9F,OptiPlex 3070 Micro,EBAY_DE,2026-08-18,96.49,2026-08-18,96.49
https://www.ebay.de/itm/353573283583?_skw=OptiPlex+3070+Micro&hash=item52529c26ff:g:pekAAOSw2NJknbUE,OptiPlex 3070 Micro,EBAY_DE,2026-08-18,96.49,2026-08-18,96.49
https://www.ebay.de/itm/354023381026?_skw=OptiPlex+3070+Micro&hash=item526d701822:g:kckAAOSw5RJiYwqG,OptiPlex 3070 Micro,EBAY_DE,2026-08-18,96.49,2026-08-18,96.49
https://www.ebay.de/itm/354881320166?_skw=OptiPlex+3070+Micro&hash=item52a09334e6:g:12UAAOSwkSVkncAg,OptiPlex 3070 Micro,EBAY_DE,2026-08-18,115.99,2026-08-18,115.99
https://www.ebay.de/itm/356778732644?_skw=OptiPlex+3070+Micro&hash=item5311ab6c64:g:pekAAOSw2NJknbUE,OptiPlex 3070 Micro,EBAY_DE,2026-08-18,97.45,2026-08-18,97.45
https://www.ebay.de/itm/357669138395?_skw=OptiPlex+3070+Micro&hash=item5346bdefdb:g:sc8AAeSwD2xo1o39,OptiPlex 3070 Micro,EBAY_DE,2026-08-18,179.00,2026-08-18,179.00
https://www.ebay.de/itm/800442540726?_skw=OptiPlex+3070+Micro&hash=itemba5e17e2b6:g:cAMAAeSwmA5qbY3Y,OptiPlex 3070 Micro,EBAY_DE,2026-08-18,109.00,2026-08-18,109.00
https://www.ebay.de/itm/800458423559?_skw=OptiPlex+3070+Micro&hash=itemba5f0a3d07:g:vQgAAeSw8QJqcZWA,OptiPlex 3070 Micro,EBAY_DE,2026-08-18,89.00,2026-08-18,89.00
https://www.ebay.de/itm/198006350702?_skw=RTX+4070+Ti+Super&hash=item2e1a19236e:g:-00AAeSwtiZpXkEf,RTX 4070 Ti Super,EBAY_DE,2026-08-18,850.00,2026-08-18,850.00
https://www.ebay.de/itm/388820690122?_skw=RTX+4070+Ti+Super&hash=item5a8784e4ca:g:DqEAAeSwj3xomRsX,RTX 4070 Ti Super,EBAY_DE,2026-08-18,850.00,2026-08-18,850.00
https://www.ebay.de/itm/407105470388?_skw=RTX+4070+Ti+Super&hash=item5ec9607fb4:g:bTEAAeSwMm1qZnIR,RTX 4070 Ti Super,EBAY_DE,2026-08-18,782.99,2026-08-18,782.99
https://www.ebay.de/itm/318318043136?_skw=RTX+4080+Super&hash=item4a1d3be000:g:wicAAeSw8iBqCfEV,RTX 4080 Super,EBAY_DE,2026-08-18,899.00,2026-08-18,899.00
https://www.ebay.de/itm/188643755463?_skw=ThinkCentre+M720q&hash=item2bec0b45c7:g:3nQAAeSwR-dqV2WG,ThinkCentre M720q,EBAY_DE,2026-08-18,169.99,2026-08-18,169.99
https://www.ebay.de/itm/198201922544?_skw=ThinkCentre+M720q&hash=item2e25c153f0:g:tGoAAeSwUNhpuo0o,ThinkCentre M720q,EBAY_DE,2026-08-18,150.00,2026-08-18,150.00
https://www.ebay.de/itm/198499091679?_skw=ThinkCentre+M720q&hash=item2e3777c4df:g:41gAAeSwoi5qV1Hi,ThinkCentre M720q,EBAY_DE,2026-08-18,157.88,2026-08-18,157.88
https://www.ebay.de/itm/206427876995?_skw=ThinkCentre+M720q&hash=item30100f6e83:g:c0AAAeSwY89qXfs7,ThinkCentre M720q,EBAY_DE,2026-08-18,175.44,2026-08-18,175.44
https://www.ebay.de/itm/206428138135?_skw=ThinkCentre+M720q&hash=item3010136a97:g:slwAAeSwCsZqdJtk,ThinkCentre M720q,EBAY_DE,2026-08-18,139.90,2026-08-18,139.90
https://www.ebay.de/itm/235670768696?_skw=ThinkCentre+M720q&hash=item36df128c38:g:IFEAAOSwVhBmpSwA,ThinkCentre M720q,EBAY_DE,2026-08-18,146.00,2026-08-18,146.00
https://www.ebay.de/itm/257681293371?_skw=ThinkCentre+M720q&hash=item3bff00803b:g:5tAAAeSwTpVp3Lon,ThinkCentre M720q,EBAY_DE,2026-08-18,165.00,2026-08-18,165.00
https://www.ebay.de/itm/267695537367?_skw=ThinkCentre+M720q&hash=item3e53e5bcd7:g:7mcAAeSwmrdpvFAu,ThinkCentre M720q,EBAY_DE,2026-08-18,169.00,2026-08-18,169.00
https://www.ebay.de/itm/267722458632?_skw=ThinkCentre+M720q&hash=item3e55808608:g:7mcAAeSwmrdpvFAu,ThinkCentre M720q,EBAY_DE,2026-08-18,169.00,2026-08-18,169.00
https://www.ebay.de/itm/298504159784?_skw=ThinkCentre+M720q&hash=item45803c0228:g:0X0AAeSwJBBqVhzT,ThinkCentre M720q,EBAY_DE,2026-08-18,163.74,2026-08-18,163.74
https://www.ebay.de/itm/298512515051?_skw=ThinkCentre+M720q&hash=item4580bb7feb:g:GCIAAeSw-DtqWkKi,ThinkCentre M720q,EBAY_DE,2026-08-18,175.44,2026-08-18,175.44
https://www.ebay.de/itm/307007740004?_skw=ThinkCentre+M720q&hash=item477b165864:g:gSgAAeSwzqVqMqXX,ThinkCentre M720q,EBAY_DE,2026-08-18,169.99,2026-08-18,169.99
https://www.ebay.de/itm/307108670252?_skw=ThinkCentre+M720q&hash=item47811a6b2c:g:wNEAAeSwYG9qczLj,ThinkCentre M720q,EBAY_DE,2026-08-18,175.44,2026-08-18,175.44
https://www.ebay.de/itm/357041130995?_skw=ThinkCentre+M720q&hash=item53214f4df3:g:y~EAAOSwi3RoQdQU,ThinkCentre M720q,EBAY_DE,2026-08-18,166.50,2026-08-18,166.50
https://www.ebay.de/itm/357165084725?_skw=ThinkCentre+M720q&hash=item5328b2b035:g:rcIAAOSwrdFoWWlX,ThinkCentre M720q,EBAY_DE,2026-08-18,150.88,2026-08-18,150.88
https://www.ebay.de/itm/357387122087?_skw=ThinkCentre+M720q&hash=item5335eeb5a7:g:u3kAAOSwnj5oN1Xf,ThinkCentre M720q,EBAY_DE,2026-08-18,169.00,2026-08-18,169.00
https://www.ebay.de/itm/377405449914?_skw=ThinkCentre+M720q&hash=item57df1e26ba:g:r1cAAeSwJoxqeHXh,ThinkCentre M720q,EBAY_DE,2026-08-18,139.18,2026-08-18,139.18
https://www.ebay.de/itm/406903120573?_skw=ThinkCentre+M720q&hash=item5ebd50e2bd:g:ta4AAeSw6z9p-GSE,ThinkCentre M720q,EBAY_DE,2026-08-18,149.99,2026-08-18,149.99
https://www.ebay.de/itm/117253539980?_skw=ThinkCentre+M920q&hash=item1b4cdb088c:g:nPoAAeSwQl1qMnOd,ThinkCentre M920q,EBAY_DE,2026-08-18,186.00,2026-08-18,186.00
https://www.ebay.de/itm/236997020719?_skw=ThinkCentre+M920q&hash=item372e1f8c2f:g:iYIAAeSwjJxqeYpa,ThinkCentre M920q,EBAY_DE,2026-08-18,189.99,2026-08-18,189.99
https://www.ebay.de/itm/257397590269?_skw=ThinkCentre+M920q&hash=item3bee1788fd:g:jHwAAeSwIwpp17lf,ThinkCentre M920q,EBAY_DE,2026-08-18,179.00,2026-08-18,179.00
https://www.ebay.de/itm/127856696415?_skw=X99+Mainboard&hash=item1dc4da5c5f:g:DigAAeSwDgxqAE2C,X99 Mainboard,EBAY_DE,2026-08-18,35.08,2026-08-18,35.08
https://www.ebay.de/itm/257497368592?_skw=X99+Mainboard&hash=item3bf40a0810:g:Eh0AAeSwA7pp~e7F,X99 Mainboard,EBAY_DE,2026-08-18,85.00,2026-08-18,85.00
https://www.ebay.de/itm/318537065603?_skw=X99+Mainboard&hash=item4a2a49e483:g:KXUAAeSw8P5qDwlS,X99 Mainboard,EBAY_DE,2026-08-18,46.77,2026-08-18,46.77
https://www.ebay.de/itm/318558954657?_skw=X99+Mainboard&hash=item4a2b97e4a1:g:zOwAAeSwM-RqTlzP,X99 Mainboard,EBAY_DE,2026-08-18,31.57,2026-08-18,31.57
https://www.ebay.de/itm/356478327897?_skw=X99+Mainboard&hash=item52ffc39c59:g:ar0AAeSw3DNqfs0m,X99 Mainboard,EBAY_DE,2026-08-18,52.00,2026-08-18,52.00
https://www.ebay.de/itm/366480518350?_skw=X99+Mainboard&hash=item5553f0ecce:g:-9IAAeSwvnVqL-ez,X99 Mainboard,EBAY_DE,2026-08-18,104.39,2026-08-18,104.39
https://www.ebay.de/itm/397845714823?_skw=X99+Mainboard&hash=item5ca173d787:g:GtQAAeSwzN5p228k,X99 Mainboard,EBAY_DE,2026-08-18,79.90,2026-08-18,79.90
https://www.ebay.de/itm/397845714831?_skw=X99+Mainboard&hash=item5ca173d78f:g:qzgAAeSwVbJp225T,X99 Mainboard,EBAY_DE,2026-08-18,54.90,2026-08-18,54.90
https://www.ebay.de/itm/397845716645?_skw=X99+Mainboard&hash=item5ca173dea5:g:Z4UAAeSwlONpzQG1,X99 Mainboard,EBAY_DE,2026-08-18,53.90,2026-08-18,53.90
https://www.ebay.de/itm/116215626181?_skw=Xeon+E5-2690v4&hash=item1b0efdb9c5:g:Z9AAAOSwZbhmaW3R,Xeon E5-2690v4,EBAY_DE,2026-08-18,47.59,2026-08-18,47.59
https://www.ebay.de/itm/187552977294?_skw=Xeon+E5-2690v4&hash=item2bab07518e:g:-U8AAeSwmxtpZMYu,Xeon E5-2690v4,EBAY_DE,2026-08-18,14.27,2026-08-18,14.27
https://www.ebay.de/itm/227412167483?_skw=Xeon+E5-2690v4&hash=item34f2d24b3b:g:j~8AAeSwCdRqRWhm,Xeon E5-2690v4,EBAY_DE,2026-08-18,35.00,2026-08-18,35.00
https://www.ebay.de/itm/236046138743?_skw=Xeon+E5-2690v4&hash=item36f5723d77:g:1vcAAOSwdiRn9zca,Xeon E5-2690v4,EBAY_DE,2026-08-18,24.99,2026-08-18,24.99
https://www.ebay.de/itm/266890150382?_skw=Xeon+E5-2690v4&hash=item3e23e481ee:g:oSsAAeSwAnpomwvX,Xeon E5-2690v4,EBAY_DE,2026-08-18,41.74,2026-08-18,41.74
https://www.ebay.de/itm/267068574899?_skw=Xeon+E5-2690v4&hash=item3e2e870cb3:g:jMMAAeSw2jVomw0x,Xeon E5-2690v4,EBAY_DE,2026-08-18,41.74,2026-08-18,41.74
https://www.ebay.de/itm/286648118309?_skw=Xeon+E5-2690v4&hash=item42bd8f2c25:g:n84AAOSwBQtkdWG3,Xeon E5-2690v4,EBAY_DE,2026-08-18,47.59,2026-08-18,47.59
https://www.ebay.de/itm/287206510898?_skw=Xeon+E5-2690v4&hash=item42ded79132:g:J9IAAeSwv6xpS~-D,Xeon E5-2690v4,EBAY_DE,2026-08-18,29.99,2026-08-18,29.99
https://www.ebay.de/itm/306951008051?_skw=Xeon+E5-2690v4&hash=item4777b4af33:g:0lYAAeSw-QdqDd~~,Xeon E5-2690v4,EBAY_DE,2026-08-18,25.78,2026-08-18,25.78
https://www.ebay.de/itm/316673313972?_skw=Xeon+E5-2690v4&hash=item49bb334cb4:g:-bQAAOSw~1VnveX6,Xeon E5-2690v4,EBAY_DE,2026-08-18,28.55,2026-08-18,28.55
https://www.ebay.de/itm/327281726494?_skw=Xeon+E5-2690v4&hash=item4c3382d41e:g:U7kAAeSwrURqEIhU,Xeon E5-2690v4,EBAY_DE,2026-08-18,34.46,2026-08-18,34.46
https://www.ebay.de/itm/336408459380?_skw=Xeon+E5-2690v4&hash=item4e5381b874:g:1NwAAeSwDCxpeH1p,Xeon E5-2690v4,EBAY_DE,2026-08-18,30.33,2026-08-18,30.33
https://www.ebay.de/itm/375426611469?_skw=Xeon+E5-2690v4&hash=item57692b790d:g:bT8AAOSwk~RmQeLw,Xeon E5-2690v4,EBAY_DE,2026-08-18,49.56,2026-08-18,49.56
https://www.ebay.de/itm/397404617238?_skw=Xeon+E5-2690v4&hash=item5c87293a16:g:wq0AAeSwLHto-LQ0,Xeon E5-2690v4,EBAY_DE,2026-08-18,19.64,2026-08-18,19.64
https://www.ebay.de/itm/398219611328?_skw=Xeon+E5-2690v4&hash=item5cb7bd0cc0:g:8~gAAeSwAKRpZMYl,Xeon E5-2690v4,EBAY_DE,2026-08-18,20.80,2026-08-18,20.80
https://www.ebay.de/itm/406203967742?_skw=Xeon+E5-2690v4&hash=item5e93a4a8fe:g:kvEAAeSwRtNowlkV,Xeon E5-2690v4,EBAY_DE,2026-08-18,28.42,2026-08-18,28.42
https://www.ebay.de/itm/800043518947?_skw=Xeon+E5-2690v4&hash=itemba464f4be3:g:0W0AAeSwhkpp5c~r,Xeon E5-2690v4,EBAY_DE,2026-08-18,50.00,2026-08-18,50.00
